y,subj,stimulus,cond
32.9352550185,1,1,-1
37.7743991992,1,1,1
29.7226859078,1,2,-1
39.8031091055,1,2,1
33.8149149996,1,3,-1
45.0273837121,1,3,1
27.3753843262,1,4,-1
35.7354565252,1,4,1
33.6989243057,1,5,-1
40.6121542585,1,5,1
30.3957690141,1,6,-1
42.9419126578,1,6,1
31.5700344081,1,7,-1
37.4141958436,1,7,1
29.3542217984,1,8,-1
39.6403423721,1,8,1
25.9258981773,1,9,-1
43.7881432273,1,9,1
33.1694636327,1,10,-1
45.8055615617,1,10,1
30.5203299916,1,11,-1
39.0843632576,1,11,1
33.7547158785,1,12,-1
38.5262536271,1,12,1
36.9271527771,1,13,-1
41.8753668558,1,13,1
31.6060405797,1,14,-1
44.2625029207,1,14,1
33.7131968322,1,15,-1
40.5986144871,1,15,1
27.9911753888,1,16,-1
39.291816053,1,16,1
33.0363029285,1,17,-1
40.7719666066,1,17,1
26.0046539484,1,18,-1
33.7657724644,1,18,1
22.4321445157,1,19,-1
37.3228738256,1,19,1
32.4270541606,1,20,-1
37.4204812388,1,20,1
23.6625459984,1,21,-1
43.2509789053,1,21,1
29.9745578245,1,22,-1
38.1043777363,1,22,1
38.1726973948,1,23,-1
42.6565209219,1,23,1
22.4322026038,1,24,-1
41.6152832603,1,24,1
41.2689263025,1,25,-1
44.1629737725,1,25,1
27.4459590366,1,26,-1
42.4137764427,1,26,1
32.0153301643,1,27,-1
40.285958291,1,27,1
28.9921590554,1,28,-1
38.4667583973,1,28,1
21.2952082911,1,29,-1
35.2905411079,1,29,1
31.3264537178,1,30,-1
35.9672245744,1,30,1
27.1602314422,2,1,-1
39.897991434,2,1,1
22.0605186801,2,2,-1
36.7480554859,2,2,1
26.2341920008,2,3,-1
35.4613786834,2,3,1
31.1657374629,2,4,-1
38.1855787272,2,4,1
28.9996586276,2,5,-1
37.7247277885,2,5,1
30.2276950716,2,6,-1
38.5829216655,2,6,1
28.9257487524,2,7,-1
38.7661362716,2,7,1
30.0902259147,2,8,-1
34.6407225778,2,8,1
27.4800243106,2,9,-1
36.142010268,2,9,1
29.721893415,2,10,-1
37.5011981174,2,10,1
23.323199429,2,11,-1
36.5370771267,2,11,1
27.7278107534,2,12,-1
36.5711330992,2,12,1
26.9617232869,2,13,-1
40.5787616129,2,13,1
36.1248627274,2,14,-1
33.4701845643,2,14,1
29.1800727052,2,15,-1
34.5867649368,2,15,1
29.1668310728,2,16,-1
34.3056706498,2,16,1
27.9741700851,2,17,-1
40.1093818696,2,17,1
20.3586854034,2,18,-1
36.1357665339,2,18,1
27.2032525305,2,19,-1
32.8544761445,2,19,1
22.7380759641,2,20,-1
31.096132353,2,20,1
25.0231057071,2,21,-1
37.9345916008,2,21,1
31.8832516012,2,22,-1
40.1105703064,2,22,1
30.3501894736,2,23,-1
47.0804475033,2,23,1
26.1597638697,2,24,-1
38.8279338323,2,24,1
28.4533627222,2,25,-1
43.5907503371,2,25,1
33.9926070049,2,26,-1
34.0009270394,2,26,1
27.1427645186,2,27,-1
38.3519472473,2,27,1
27.1352455773,2,28,-1
36.4187519551,2,28,1
24.3767947217,2,29,-1
35.3023497589,2,29,1
26.5400763642,2,30,-1
36.668859658,2,30,1
23.9800024584,3,1,-1
36.3884481152,3,1,1
23.8025797728,3,2,-1
30.3905901292,3,2,1
23.1923370745,3,3,-1
35.6324486955,3,3,1
23.6417789272,3,4,-1
34.5156511732,3,4,1
23.2454142912,3,5,-1
32.7923010326,3,5,1
27.7023904549,3,6,-1
36.3878302834,3,6,1
19.7839047579,3,7,-1
33.6465249065,3,7,1
28.3339539492,3,8,-1
40.7969183346,3,8,1
18.7233793627,3,9,-1
25.8546795464,3,9,1
34.0640703679,3,10,-1
33.4050445204,3,10,1
22.3400514868,3,11,-1
28.2849767975,3,11,1
25.7501763948,3,12,-1
35.4795425802,3,12,1
28.4064715426,3,13,-1
35.0804252712,3,13,1
27.8947392093,3,14,-1
30.3390917469,3,14,1
22.4354997747,3,15,-1
38.9956292,3,15,1
23.3260101706,3,16,-1
30.3411364891,3,16,1
19.0341406394,3,17,-1
31.7158195654,3,17,1
22.8395419961,3,18,-1
34.3105751182,3,18,1
20.4835982641,3,19,-1
31.9667703423,3,19,1
20.8658472816,3,20,-1
25.3155908996,3,20,1
20.7114622508,3,21,-1
36.603087465,3,21,1
28.7732962212,3,22,-1
34.540763956,3,22,1
21.3071543389,3,23,-1
34.786720888,3,23,1
22.7588063206,3,24,-1
29.3413817752,3,24,1
25.8788698256,3,25,-1
35.909636208,3,25,1
22.4382002175,3,26,-1
29.8141721081,3,26,1
22.2371605355,3,27,-1
28.8188525093,3,27,1
22.6584876927,3,28,-1
31.5578507529,3,28,1
26.1145673844,3,29,-1
27.0314800564,3,29,1
23.3034394951,3,30,-1
36.209304987,3,30,1
37.0634993884,4,1,-1
40.0582325279,4,1,1
31.6047202629,4,2,-1
40.6860526619,4,2,1
29.0672162055,4,3,-1
39.2583799939,4,3,1
26.5020576183,4,4,-1
39.5132207925,4,4,1
28.6036852375,4,5,-1
39.1714231685,4,5,1
30.0277762386,4,6,-1
39.4779279308,4,6,1
29.7610822903,4,7,-1
44.5855315106,4,7,1
34.7905370984,4,8,-1
46.2970528501,4,8,1
27.2540529114,4,9,-1
37.5225970533,4,9,1
31.2850217889,4,10,-1
45.7368284099,4,10,1
31.3363138871,4,11,-1
44.188142851,4,11,1
34.1035478081,4,12,-1
41.0430097662,4,12,1
36.9247975317,4,13,-1
42.5959841308,4,13,1
27.1338184114,4,14,-1
39.1690646202,4,14,1
26.8546792346,4,15,-1
37.2053764564,4,15,1
26.5046494652,4,16,-1
35.2528420198,4,16,1
27.8376260343,4,17,-1
44.8495962502,4,17,1
29.4214697042,4,18,-1
35.3219932111,4,18,1
22.1797028798,4,19,-1
37.7140261159,4,19,1
25.1816724679,4,20,-1
36.2414739857,4,20,1
36.0739933105,4,21,-1
46.5429693152,4,21,1
30.2509699891,4,22,-1
38.9833527842,4,22,1
32.9471765436,4,23,-1
42.7233703967,4,23,1
33.0418537472,4,24,-1
43.2208899823,4,24,1
33.5771799147,4,25,-1
41.7703844308,4,25,1
30.6182901622,4,26,-1
39.6553006079,4,26,1
25.9651704531,4,27,-1
42.6648213095,4,27,1
25.2755208322,4,28,-1
43.2747510533,4,28,1
26.7269597391,4,29,-1
35.319040566,4,29,1
28.521715675,4,30,-1
35.8298679164,4,30,1
36.5567256615,5,1,-1
46.0333463642,5,1,1
32.0257130315,5,2,-1
42.6960184207,5,2,1
32.4955911584,5,3,-1
47.6290471515,5,3,1
33.3104519091,5,4,-1
38.1211934962,5,4,1
28.6781037626,5,5,-1
45.9475041876,5,5,1
41.0092247988,5,6,-1
44.7131663054,5,6,1
40.1455340857,5,7,-1
46.3416705744,5,7,1
42.2542745601,5,8,-1
48.8707579568,5,8,1
34.4121528276,5,9,-1
40.3402678236,5,9,1
41.7505635331,5,10,-1
49.5028404704,5,10,1
35.0469445046,5,11,-1
40.2181705501,5,11,1
33.1479976561,5,12,-1
47.9209734214,5,12,1
41.5301551339,5,13,-1
50.0121821147,5,13,1
34.8772715017,5,14,-1
50.1014495992,5,14,1
32.8691928618,5,15,-1
42.2780328942,5,15,1
31.902036824,5,16,-1
42.185265542,5,16,1
40.4009196187,5,17,-1
44.9078978675,5,17,1
28.763512354,5,18,-1
41.5020109987,5,18,1
35.0248245646,5,19,-1
39.9998638423,5,19,1
26.9331894477,5,20,-1
41.2907615507,5,20,1
29.7042206979,5,21,-1
49.5759323721,5,21,1
31.6488944447,5,22,-1
46.5937884522,5,22,1
33.7426989614,5,23,-1
46.813466457,5,23,1
29.3520588099,5,24,-1
45.1761904408,5,24,1
28.0241599831,5,25,-1
47.5202945746,5,25,1
39.0022826075,5,26,-1
46.8286190826,5,26,1
36.5196255633,5,27,-1
45.4580676585,5,27,1
32.7846249709,5,28,-1
45.8959478072,5,28,1
27.9781857731,5,29,-1
43.1025993818,5,29,1
36.7502241852,5,30,-1
44.694916262,5,30,1
34.9665447153,6,1,-1
46.6499536881,6,1,1
38.8673726367,6,2,-1
45.1203463155,6,2,1
33.9571282843,6,3,-1
43.4546116036,6,3,1
32.2734989601,6,4,-1
45.33969229,6,4,1
33.5110974864,6,5,-1
50.8977943617,6,5,1
36.5845832634,6,6,-1
41.967199561,6,6,1
32.5113525695,6,7,-1
48.1931826625,6,7,1
36.1134914922,6,8,-1
41.5453503288,6,8,1
38.673766028,6,9,-1
43.6019116663,6,9,1
38.102603998,6,10,-1
41.6531520301,6,10,1
32.137951156,6,11,-1
43.4092040212,6,11,1
40.0410691771,6,12,-1
41.672337144,6,12,1
35.2173787895,6,13,-1
48.5485347974,6,13,1
33.7382374102,6,14,-1
38.419716064,6,14,1
27.3847276587,6,15,-1
44.50450254,6,15,1
31.5870334258,6,16,-1
38.6642096914,6,16,1
34.2342307416,6,17,-1
47.6877899758,6,17,1
31.8995919112,6,18,-1
40.717095639,6,18,1
29.9612649253,6,19,-1
46.1012408778,6,19,1
33.4243930122,6,20,-1
37.6576749156,6,20,1
42.3776391454,6,21,-1
46.0341916564,6,21,1
37.8126973572,6,22,-1
45.7791021414,6,22,1
32.6951851224,6,23,-1
40.2472627021,6,23,1
31.6532732609,6,24,-1
48.9309541081,6,24,1
37.3170348136,6,25,-1
45.7779496987,6,25,1
33.1298212811,6,26,-1
46.9873011991,6,26,1
36.4050391334,6,27,-1
46.8788193818,6,27,1
33.494361039,6,28,-1
47.6378843256,6,28,1
32.3173757142,6,29,-1
44.9411092152,6,29,1
31.5944325872,6,30,-1
37.221348862,6,30,1
23.6325662137,7,1,-1
41.3946731113,7,1,1
31.83400913,7,2,-1
40.419604059,7,2,1
25.4859776571,7,3,-1
31.5993917672,7,3,1
26.8471924416,7,4,-1
33.5614002314,7,4,1
26.3426892462,7,5,-1
38.3162073542,7,5,1
29.4312969039,7,6,-1
32.534302035,7,6,1
23.5455118041,7,7,-1
30.3699250927,7,7,1
28.5026261426,7,8,-1
32.1730135791,7,8,1
27.1375389242,7,9,-1
32.6514547381,7,9,1
27.0117038032,7,10,-1
35.6808174345,7,10,1
23.459126326,7,11,-1
29.5551193719,7,11,1
25.1794161021,7,12,-1
36.8928945048,7,12,1
28.5200830031,7,13,-1
40.5847611319,7,13,1
24.9657742306,7,14,-1
31.2738254135,7,14,1
21.9253412454,7,15,-1
37.8654364683,7,15,1
21.0246868916,7,16,-1
33.5122999719,7,16,1
26.8146183418,7,17,-1
35.8535769916,7,17,1
25.2459860056,7,18,-1
35.9322365242,7,18,1
27.2138100281,7,19,-1
29.5057785868,7,19,1
25.8972254276,7,20,-1
34.516483932,7,20,1
24.6527544251,7,21,-1
35.7522921758,7,21,1
30.9795104779,7,22,-1
38.5357363679,7,22,1
30.6034768277,7,23,-1
35.2882425283,7,23,1
21.7124046378,7,24,-1
34.8292485906,7,24,1
28.5807003875,7,25,-1
37.5174812005,7,25,1
25.236025822,7,26,-1
39.6583008035,7,26,1
24.7668762883,7,27,-1
31.2388321625,7,27,1
24.8319022913,7,28,-1
31.2771463729,7,28,1
20.2354692247,7,29,-1
30.184758341,7,29,1
24.0454011829,7,30,-1
33.0314106452,7,30,1
26.9087914148,8,1,-1
34.0315948748,8,1,1
27.7641768616,8,2,-1
37.2224603398,8,2,1
25.5166944489,8,3,-1
38.4954671115,8,3,1
26.0352756075,8,4,-1
32.9505005218,8,4,1
25.3605596665,8,5,-1
29.6128715614,8,5,1
28.5490547001,8,6,-1
35.4176713216,8,6,1
23.3044614775,8,7,-1
31.2215975999,8,7,1
27.5882602137,8,8,-1
42.5299601077,8,8,1
25.7824353565,8,9,-1
33.4040603876,8,9,1
32.5886807212,8,10,-1
37.5826476536,8,10,1
28.4888830171,8,11,-1
25.719841924,8,11,1
25.3497811398,8,12,-1
42.4773118832,8,12,1
31.964835451,8,13,-1
40.9640533311,8,13,1
29.3712827778,8,14,-1
29.4857343739,8,14,1
29.0342433537,8,15,-1
34.0726794183,8,15,1
24.0826449071,8,16,-1
32.8160717739,8,16,1
26.405031998,8,17,-1
43.1618183973,8,17,1
16.7118508492,8,18,-1
33.2738415513,8,18,1
23.1431178963,8,19,-1
27.8532825204,8,19,1
20.9404761576,8,20,-1
29.5069483763,8,20,1
29.8267629652,8,21,-1
38.5256856826,8,21,1
27.9049033488,8,22,-1
35.1896423782,8,22,1
27.6373771839,8,23,-1
30.9487441763,8,23,1
23.078900987,8,24,-1
34.1554916045,8,24,1
32.534622637,8,25,-1
36.8329991612,8,25,1
29.3204390506,8,26,-1
40.0214626095,8,26,1
26.8905791723,8,27,-1
37.1392061362,8,27,1
24.0433013625,8,28,-1
38.3964847748,8,28,1
22.8266900522,8,29,-1
28.6692659711,8,29,1
20.9943900982,8,30,-1
28.7566800493,8,30,1
32.7882204283,9,1,-1
40.2558172098,9,1,1
27.7954786086,9,2,-1
41.3618048946,9,2,1
25.3941266201,9,3,-1
38.5299107673,9,3,1
28.2395045223,9,4,-1
41.3804148674,9,4,1
32.5339028487,9,5,-1
43.2090424517,9,5,1
28.0637999071,9,6,-1
43.6987153841,9,6,1
31.2097955893,9,7,-1
40.2967270466,9,7,1
33.8298489554,9,8,-1
39.0011618919,9,8,1
24.76424829,9,9,-1
42.0209534197,9,9,1
30.9936349112,9,10,-1
44.3027156907,9,10,1
25.6278117984,9,11,-1
38.6767200251,9,11,1
27.4380532515,9,12,-1
39.36158611,9,12,1
37.4332874138,9,13,-1
47.459537007,9,13,1
25.4968014293,9,14,-1
41.6490317164,9,14,1
28.8496874429,9,15,-1
36.0515602915,9,15,1
27.2611438247,9,16,-1
32.7978711633,9,16,1
30.4728226508,9,17,-1
37.5953469039,9,17,1
23.335766338,9,18,-1
34.2146654541,9,18,1
31.8881883906,9,19,-1
37.0800499038,9,19,1
27.8831385324,9,20,-1
42.2335032601,9,20,1
32.5198213574,9,21,-1
39.7734160085,9,21,1
33.5566540145,9,22,-1
37.0564149949,9,22,1
32.4467974802,9,23,-1
38.1484138166,9,23,1
29.9348917995,9,24,-1
41.881503272,9,24,1
26.7859257045,9,25,-1
48.850858825,9,25,1
32.1725443738,9,26,-1
43.8994128759,9,26,1
31.7018332231,9,27,-1
41.307343434,9,27,1
27.8398931292,9,28,-1
41.1823577396,9,28,1
26.5027249912,9,29,-1
34.4001697702,9,29,1
30.2905747341,9,30,-1
40.7110902317,9,30,1
35.9405310839,10,1,-1
41.2031718272,10,1,1
30.0039050157,10,2,-1
37.4986722677,10,2,1
33.7797172633,10,3,-1
38.1003539207,10,3,1
23.8217136257,10,4,-1
35.3041408448,10,4,1
26.3852882488,10,5,-1
39.5072632457,10,5,1
39.2247432015,10,6,-1
38.8588286691,10,6,1
28.2841220944,10,7,-1
34.8008366729,10,7,1
33.9450910379,10,8,-1
44.3985977825,10,8,1
32.2675486299,10,9,-1
35.8987958501,10,9,1
37.6609658035,10,10,-1
49.4164455496,10,10,1
24.7439776892,10,11,-1
37.8738760007,10,11,1
30.8529389721,10,12,-1
43.854873451,10,12,1
40.3227396603,10,13,-1
44.1527217389,10,13,1
32.2775960669,10,14,-1
42.4875052979,10,14,1
31.8890376228,10,15,-1
43.0998539285,10,15,1
30.3308139709,10,16,-1
40.2628524109,10,16,1
37.9277614011,10,17,-1
35.3480268715,10,17,1
29.4258005154,10,18,-1
36.168641821,10,18,1
30.1551140174,10,19,-1
36.5923509347,10,19,1
31.8406954554,10,20,-1
37.0560992782,10,20,1
34.6932345685,10,21,-1
37.7955955284,10,21,1
28.825577698,10,22,-1
37.9137001624,10,22,1
30.4811457611,10,23,-1
43.5860494948,10,23,1
30.5236942172,10,24,-1
35.7834117904,10,24,1
36.6521981434,10,25,-1
41.6840892494,10,25,1
36.4926056002,10,26,-1
42.0850974292,10,26,1
31.386984353,10,27,-1
42.435611721,10,27,1
27.0081862455,10,28,-1
39.2675156902,10,28,1
30.9768716563,10,29,-1
36.9474291017,10,29,1
29.0581272766,10,30,-1
39.6462523697,10,30,1
31.7086467209,11,1,-1
40.4546739802,11,1,1
28.7101331664,11,2,-1
38.5671628416,11,2,1
28.0675483675,11,3,-1
42.6288718457,11,3,1
34.9074108187,11,4,-1
42.1022185057,11,4,1
33.6964263271,11,5,-1
39.2400054861,11,5,1
36.7037188276,11,6,-1
44.751195672,11,6,1
34.8962910228,11,7,-1
43.4072556668,11,7,1
32.3193027554,11,8,-1
41.5286064794,11,8,1
27.8260612116,11,9,-1
33.6746653143,11,9,1
37.0080416797,11,10,-1
46.2120492623,11,10,1
28.6454951608,11,11,-1
35.4182265657,11,11,1
31.6625127767,11,12,-1
42.3304692087,11,12,1
37.7430080697,11,13,-1
38.6081794076,11,13,1
30.9480998239,11,14,-1
39.7852473371,11,14,1
34.7208682264,11,15,-1
39.7870591854,11,15,1
23.7600957961,11,16,-1
41.9311191937,11,16,1
31.4959854538,11,17,-1
39.4432241833,11,17,1
30.9326867059,11,18,-1
39.6693217868,11,18,1
27.1392540759,11,19,-1
37.2342182104,11,19,1
31.4787534499,11,20,-1
34.9762931961,11,20,1
33.3596603591,11,21,-1
40.8552467923,11,21,1
32.1858632196,11,22,-1
43.0051137216,11,22,1
35.5140116768,11,23,-1
44.3132105498,11,23,1
27.6724165208,11,24,-1
42.5267935899,11,24,1
38.6866543907,11,25,-1
39.9778465343,11,25,1
28.7021326559,11,26,-1
41.0125629402,11,26,1
30.2354327667,11,27,-1
39.9044632217,11,27,1
27.3866244247,11,28,-1
36.9757652467,11,28,1
29.3962578715,11,29,-1
31.307363405,11,29,1
31.6519329378,11,30,-1
39.4298480021,11,30,1
31.9980669792,12,1,-1
41.200772369,12,1,1
32.8829870965,12,2,-1
36.1680173314,12,2,1
34.1871288055,12,3,-1
27.7630923438,12,3,1
32.7738376779,12,4,-1
37.2842355191,12,4,1
30.5873480542,12,5,-1
35.5395176092,12,5,1
29.3428538806,12,6,-1
37.2605980203,12,6,1
29.2801831017,12,7,-1
28.2334842348,12,7,1
31.3692236264,12,8,-1
39.2211213657,12,8,1
25.3147371425,12,9,-1
35.9030699474,12,9,1
41.3281535308,12,10,-1
39.5252998333,12,10,1
30.4756671412,12,11,-1
37.3384523061,12,11,1
32.1405408667,12,12,-1
37.3349659689,12,12,1
33.1197142423,12,13,-1
43.5542770379,12,13,1
27.4373763558,12,14,-1
36.210431724,12,14,1
28.6101812393,12,15,-1
33.4417777501,12,15,1
26.73574521,12,16,-1
34.9067928411,12,16,1
26.6512714053,12,17,-1
38.2842213712,12,17,1
26.71334715,12,18,-1
34.3538876556,12,18,1
28.3456506476,12,19,-1
30.8518629663,12,19,1
26.9617536195,12,20,-1
34.4980451228,12,20,1
32.9535883288,12,21,-1
40.975181135,12,21,1
30.3482164572,12,22,-1
43.779779663,12,22,1
28.684650087,12,23,-1
38.3044788038,12,23,1
27.125114627,12,24,-1
43.4403541307,12,24,1
33.5607938155,12,25,-1
33.1595179852,12,25,1
33.7862361583,12,26,-1
39.9754162792,12,26,1
28.8281131207,12,27,-1
37.4113412639,12,27,1
26.4959169085,12,28,-1
39.9315593897,12,28,1
24.155011553,12,29,-1
32.7904052091,12,29,1
29.164013985,12,30,-1
35.8681639848,12,30,1
31.214497591,13,1,-1
47.9801551719,13,1,1
32.2344415749,13,2,-1
46.0441989812,13,2,1
29.5141473013,13,3,-1
51.701512558,13,3,1
32.6886564717,13,4,-1
47.6784570592,13,4,1
32.1163073288,13,5,-1
42.6465846264,13,5,1
29.4206895781,13,6,-1
45.9440431061,13,6,1
25.809708979,13,7,-1
44.4424358955,13,7,1
37.2024680522,13,8,-1
43.1661736272,13,8,1
34.8776906294,13,9,-1
40.7413570649,13,9,1
38.4301531727,13,10,-1
48.7965885769,13,10,1
30.2293452625,13,11,-1
37.0553568303,13,11,1
30.3145528881,13,12,-1
44.1495987303,13,12,1
34.0141601801,13,13,-1
51.7983936894,13,13,1
27.8528484957,13,14,-1
39.8105632721,13,14,1
37.9747314392,13,15,-1
44.9016492924,13,15,1
29.466179649,13,16,-1
38.1462835999,13,16,1
33.4671142064,13,17,-1
40.4888691129,13,17,1
25.9798126256,13,18,-1
41.3633087841,13,18,1
23.8293310853,13,19,-1
44.6793571332,13,19,1
28.1210055077,13,20,-1
38.438415754,13,20,1
35.0081145268,13,21,-1
43.9512304184,13,21,1
30.5908867219,13,22,-1
49.1070728232,13,22,1
34.381096216,13,23,-1
44.4941188327,13,23,1
32.6188709672,13,24,-1
37.4156998808,13,24,1
32.0275943024,13,25,-1
44.5730247273,13,25,1
37.0139874853,13,26,-1
47.8277595829,13,26,1
32.0525707458,13,27,-1
42.3373299395,13,27,1
30.5248324368,13,28,-1
37.7182261504,13,28,1
26.8894500978,13,29,-1
37.8671271023,13,29,1
28.7468205047,13,30,-1
44.3570192685,13,30,1
27.4156534126,14,1,-1
38.2559199516,14,1,1
27.4029739261,14,2,-1
43.7913780613,14,2,1
26.6643488338,14,3,-1
47.2288834172,14,3,1
27.8836439521,14,4,-1
38.066142079,14,4,1
22.6013419529,14,5,-1
38.660259994,14,5,1
25.983315674,14,6,-1
45.6627474659,14,6,1
22.75377562,14,7,-1
36.5128304744,14,7,1
28.0257378214,14,8,-1
43.3270523402,14,8,1
24.435113021,14,9,-1
36.3519129518,14,9,1
28.3158493251,14,10,-1
48.2498315002,14,10,1
24.3863427808,14,11,-1
37.3598904974,14,11,1
28.467468523,14,12,-1
38.6423658835,14,12,1
34.7796555127,14,13,-1
42.094720946,14,13,1
27.6637971058,14,14,-1
36.9776425412,14,14,1
24.3727230791,14,15,-1
41.0425628174,14,15,1
17.1073837094,14,16,-1
38.4359346524,14,16,1
25.2158372231,14,17,-1
43.2805587245,14,17,1
21.8141792376,14,18,-1
38.4546468614,14,18,1
22.709863335,14,19,-1
30.1191276044,14,19,1
26.6660304374,14,20,-1
38.9440249494,14,20,1
25.6838452912,14,21,-1
40.4465439896,14,21,1
24.1473006345,14,22,-1
40.8992141696,14,22,1
26.609852487,14,23,-1
40.8510582956,14,23,1
22.5424030595,14,24,-1
43.7164642598,14,24,1
30.5630264286,14,25,-1
40.1175442836,14,25,1
29.9594169535,14,26,-1
41.8326766827,14,26,1
24.7028259105,14,27,-1
40.4526045996,14,27,1
22.7703764636,14,28,-1
37.1161005284,14,28,1
21.9649083553,14,29,-1
40.8759673054,14,29,1
23.4982236597,14,30,-1
42.0538374625,14,30,1
26.3439180184,15,1,-1
37.1440384324,15,1,1
29.4632558191,15,2,-1
38.3841278476,15,2,1
35.3355503732,15,3,-1
42.8200384502,15,3,1
33.8895740127,15,4,-1
40.8834478455,15,4,1
24.2207902285,15,5,-1
41.6742634806,15,5,1
33.3477283903,15,6,-1
50.0248117935,15,6,1
29.266469985,15,7,-1
38.7773369255,15,7,1
34.8855168678,15,8,-1
42.2684834449,15,8,1
24.9700886211,15,9,-1
36.6291924765,15,9,1
33.4967367943,15,10,-1
40.0627454666,15,10,1
29.4053298145,15,11,-1
37.3310223944,15,11,1
37.4491359298,15,12,-1
42.7565285247,15,12,1
36.0269385403,15,13,-1
41.9377831768,15,13,1
24.3279991795,15,14,-1
40.2835956504,15,14,1
34.4176262858,15,15,-1
43.6417113949,15,15,1
30.1017980978,15,16,-1
39.3290875785,15,16,1
36.0608454751,15,17,-1
40.5712509714,15,17,1
28.2860610957,15,18,-1
37.1640854141,15,18,1
30.5738466902,15,19,-1
39.6637197688,15,19,1
26.7820308779,15,20,-1
38.0223653259,15,20,1
29.2228598672,15,21,-1
36.4573026432,15,21,1
28.6778601241,15,22,-1
44.0084679837,15,22,1
29.9196212412,15,23,-1
44.7920022705,15,23,1
30.5858483454,15,24,-1
37.8448245462,15,24,1
32.8524685721,15,25,-1
42.2096248303,15,25,1
35.6547325795,15,26,-1
44.7449274553,15,26,1
34.1251324165,15,27,-1
47.2807921978,15,27,1
31.6494508222,15,28,-1
40.9722500791,15,28,1
29.8969984992,15,29,-1
35.8363455503,15,29,1
31.2303238946,15,30,-1
35.0065121926,15,30,1
32.4571786957,16,1,-1
41.7551542394,16,1,1
24.7090021013,16,2,-1
40.2400834411,16,2,1
29.1318838347,16,3,-1
40.8926455174,16,3,1
34.0613102389,16,4,-1
34.6918774851,16,4,1
34.2767013676,16,5,-1
39.2078390089,16,5,1
32.1923312458,16,6,-1
38.202334181,16,6,1
27.9453321967,16,7,-1
38.4761300265,16,7,1
32.3871768446,16,8,-1
40.3027135839,16,8,1
27.2908317549,16,9,-1
34.685127544,16,9,1
39.3349562775,16,10,-1
42.3687248519,16,10,1
25.4843273719,16,11,-1
38.146422319,16,11,1
25.0415918116,16,12,-1
39.9365903058,16,12,1
31.6448484677,16,13,-1
40.9112316887,16,13,1
28.4587411792,16,14,-1
37.8810032264,16,14,1
24.847682271,16,15,-1
35.7713914399,16,15,1
22.0024386143,16,16,-1
35.2060370116,16,16,1
31.0371846484,16,17,-1
36.0498907676,16,17,1
24.5640081929,16,18,-1
35.9431016033,16,18,1
25.9853555145,16,19,-1
31.3405954483,16,19,1
25.7754276049,16,20,-1
35.1219288063,16,20,1
26.0136940094,16,21,-1
38.6138591885,16,21,1
31.107010538,16,22,-1
43.5487647475,16,22,1
28.6363058551,16,23,-1
42.6524888201,16,23,1
31.3315418896,16,24,-1
38.6500147393,16,24,1
27.6715511757,16,25,-1
38.184520415,16,25,1
27.9902288459,16,26,-1
38.965270446,16,26,1
28.3170425238,16,27,-1
37.9937498468,16,27,1
26.743417757,16,28,-1
33.5809527043,16,28,1
26.9496745998,16,29,-1
35.3417689225,16,29,1
22.6548528053,16,30,-1
38.9975199137,16,30,1
24.8389577347,17,1,-1
38.9327479391,17,1,1
26.488706804,17,2,-1
36.0416106399,17,2,1
32.867719267,17,3,-1
42.6717958176,17,3,1
28.567769594,17,4,-1
40.2277742019,17,4,1
22.826511018,17,5,-1
44.2882528621,17,5,1
24.7701871185,17,6,-1
48.0368567672,17,6,1
21.5292272797,17,7,-1
46.717606794,17,7,1
36.6681912913,17,8,-1
43.9329323536,17,8,1
26.7432417512,17,9,-1
38.3766515987,17,9,1
29.5135608924,17,10,-1
42.4512944805,17,10,1
29.9049570877,17,11,-1
38.7740901912,17,11,1
29.2045379887,17,12,-1
40.3374437007,17,12,1
32.1076078525,17,13,-1
44.8623825372,17,13,1
36.8359735669,17,14,-1
40.9090949035,17,14,1
28.8043631764,17,15,-1
37.676805649,17,15,1
22.8664257479,17,16,-1
42.0849909114,17,16,1
31.7539425689,17,17,-1
41.9357204521,17,17,1
31.3206366429,17,18,-1
36.4730260588,17,18,1
26.1127218049,17,19,-1
39.4539402475,17,19,1
23.6072132439,17,20,-1
38.4421026308,17,20,1
31.6895103072,17,21,-1
40.4958310125,17,21,1
32.3496960454,17,22,-1
44.555620334,17,22,1
28.0174953847,17,23,-1
40.3235691509,17,23,1
33.2275171306,17,24,-1
43.7666315564,17,24,1
33.6811888648,17,25,-1
45.3474555727,17,25,1
34.1988075079,17,26,-1
43.1006575577,17,26,1
28.6880816957,17,27,-1
42.2246598795,17,27,1
30.026615465,17,28,-1
39.2195525198,17,28,1
24.3494150272,17,29,-1
40.049215131,17,29,1
30.6500406621,17,30,-1
38.6269661656,17,30,1
25.4010916438,18,1,-1
42.7093587854,18,1,1
32.6277684167,18,2,-1
44.6456401837,18,2,1
29.1855305384,18,3,-1
39.8677097209,18,3,1
24.8296846965,18,4,-1
41.8574525735,18,4,1
31.5041323965,18,5,-1
39.4425495763,18,5,1
28.0611224815,18,6,-1
41.3160906225,18,6,1
26.7944882609,18,7,-1
36.3061933467,18,7,1
28.9814565846,18,8,-1
42.6589408924,18,8,1
24.1305797808,18,9,-1
40.5555846687,18,9,1
27.8967681438,18,10,-1
47.287018165,18,10,1
26.4685697765,18,11,-1
37.3061242266,18,11,1
29.4984852459,18,12,-1
39.3316302139,18,12,1
34.0829430207,18,13,-1
48.7164288804,18,13,1
27.6461138547,18,14,-1
46.0729909385,18,14,1
28.4523756556,18,15,-1
42.9357161658,18,15,1
29.0112489471,18,16,-1
39.5390259664,18,16,1
27.8763966913,18,17,-1
35.1992986695,18,17,1
29.2144178216,18,18,-1
42.0178516635,18,18,1
21.0049439209,18,19,-1
42.8254002211,18,19,1
20.3525789557,18,20,-1
38.10394846,18,20,1
31.8880249737,18,21,-1
45.6837007943,18,21,1
30.3341009674,18,22,-1
44.3377912691,18,22,1
25.4401566861,18,23,-1
42.126233438,18,23,1
30.5105267102,18,24,-1
37.8278542666,18,24,1
23.9284186575,18,25,-1
44.9455696806,18,25,1
28.931164496,18,26,-1
41.3340099114,18,26,1
31.9856932863,18,27,-1
43.8294747735,18,27,1
25.0498698935,18,28,-1
37.2035434313,18,28,1
24.8087122774,18,29,-1
34.094292833,18,29,1
26.9512246717,18,30,-1
44.8883344313,18,30,1
24.8389274065,19,1,-1
33.8773805892,19,1,1
25.4761902655,19,2,-1
30.9771346941,19,2,1
25.6574077969,19,3,-1
31.6176844397,19,3,1
22.0817768271,19,4,-1
30.3299906486,19,4,1
22.1198276611,19,5,-1
29.0960180004,19,5,1
24.822389306,19,6,-1
30.5443084832,19,6,1
24.8493625439,19,7,-1
32.676940851,19,7,1
29.3868642592,19,8,-1
36.7721336166,19,8,1
17.5388352121,19,9,-1
27.9018609642,19,9,1
26.7881000326,19,10,-1
37.4514579512,19,10,1
19.0830147671,19,11,-1
31.3150384573,19,11,1
21.3433443292,19,12,-1
39.7787898478,19,12,1
24.7438274804,19,13,-1
36.9656541946,19,13,1
29.0483823208,19,14,-1
30.2176512298,19,14,1
25.255063801,19,15,-1
34.98297677,19,15,1
20.7062910826,19,16,-1
34.3777621764,19,16,1
27.739405286,19,17,-1
35.0372522031,19,17,1
16.0168726904,19,18,-1
29.3215766999,19,18,1
27.0099691879,19,19,-1
26.8918257552,19,19,1
26.6450332683,19,20,-1
32.943682578,19,20,1
25.5310326567,19,21,-1
35.0031991647,19,21,1
29.6392871896,19,22,-1
39.4220281654,19,22,1
23.7387641228,19,23,-1
28.4034491388,19,23,1
27.0191493858,19,24,-1
32.6180774973,19,24,1
24.4177978463,19,25,-1
35.5345798057,19,25,1
24.9004403082,19,26,-1
36.3029698982,19,26,1
20.7749947943,19,27,-1
32.2451635761,19,27,1
21.7871151667,19,28,-1
32.8688955411,19,28,1
18.4289374609,19,29,-1
32.5028452203,19,29,1
17.1438329721,19,30,-1
25.8436073418,19,30,1
25.2700080401,20,1,-1
42.2909950314,20,1,1
33.1676727738,20,2,-1
51.2017860343,20,2,1
28.6633449516,20,3,-1
50.6500405579,20,3,1
28.1322840633,20,4,-1
47.5502932169,20,4,1
33.0161300879,20,5,-1
42.2452744242,20,5,1
33.737595873,20,6,-1
44.9094451317,20,6,1
25.7308121781,20,7,-1
42.0168429399,20,7,1
31.167953266,20,8,-1
45.2576622488,20,8,1
32.4926540975,20,9,-1
38.0587797488,20,9,1
32.2915637638,20,10,-1
49.8368138867,20,10,1
27.555472106,20,11,-1
43.2939752437,20,11,1
28.9413247259,20,12,-1
53.132979312,20,12,1
34.1116232334,20,13,-1
50.6917735095,20,13,1
28.7429404843,20,14,-1
44.4665195817,20,14,1
26.5214713952,20,15,-1
46.2080760566,20,15,1
27.4596602354,20,16,-1
39.5736449789,20,16,1
30.721911573,20,17,-1
46.2554237063,20,17,1
23.1514648049,20,18,-1
43.1673733467,20,18,1
20.6046412842,20,19,-1
40.961587155,20,19,1
25.966136756,20,20,-1
40.9691659556,20,20,1
31.6867945912,20,21,-1
47.7566333501,20,21,1
27.7645058349,20,22,-1
45.6782302394,20,22,1
34.2975880899,20,23,-1
45.5046363993,20,23,1
24.1921982882,20,24,-1
43.1636714884,20,24,1
32.8305422679,20,25,-1
49.0621973073,20,25,1
28.6194351591,20,26,-1
50.1899613181,20,26,1
29.2483828359,20,27,-1
44.1902774833,20,27,1
29.0358315068,20,28,-1
43.4057050413,20,28,1
29.0341223997,20,29,-1
46.9906126338,20,29,1
31.2057263947,20,30,-1
36.196387243,20,30,1
33.5976140948,21,1,-1
36.6378602547,21,1,1
28.741279016,21,2,-1
38.2007969966,21,2,1
30.3874953833,21,3,-1
38.9260175821,21,3,1
28.3273221391,21,4,-1
34.8750678419,21,4,1
30.4643656672,21,5,-1
34.9714991188,21,5,1
31.0050994198,21,6,-1
42.6936962579,21,6,1
29.9251689199,21,7,-1
36.5411714385,21,7,1
30.7592844358,21,8,-1
37.8665518935,21,8,1
27.0842181793,21,9,-1
33.5167574654,21,9,1
33.2120846975,21,10,-1
36.5984596313,21,10,1
26.9378121319,21,11,-1
34.4517529648,21,11,1
36.4726763381,21,12,-1
37.1908618092,21,12,1
34.6453127253,21,13,-1
40.0682589998,21,13,1
28.4222908785,21,14,-1
31.4090663679,21,14,1
28.4065159608,21,15,-1
33.7870874453,21,15,1
27.4738444357,21,16,-1
29.5134507887,21,16,1
24.9572072503,21,17,-1
41.596381316,21,17,1
20.5388438763,21,18,-1
30.6579967359,21,18,1
28.089974975,21,19,-1
28.7173428935,21,19,1
23.1345605881,21,20,-1
29.9146307677,21,20,1
30.5908679428,21,21,-1
35.3886091945,21,21,1
33.0751220462,21,22,-1
39.0922316802,21,22,1
29.7777258566,21,23,-1
37.4370010005,21,23,1
32.7928548528,21,24,-1
35.9972475179,21,24,1
31.2966182374,21,25,-1
30.3804405498,21,25,1
24.4599793127,21,26,-1
30.5704301329,21,26,1
35.3047700293,21,27,-1
39.7160664124,21,27,1
24.6573317668,21,28,-1
40.1600397189,21,28,1
24.4358790033,21,29,-1
35.707802056,21,29,1
25.4638966925,21,30,-1
33.510718572,21,30,1
18.6860219785,22,1,-1
30.8124027509,22,1,1
22.3002432954,22,2,-1
31.6960162497,22,2,1
27.427474897,22,3,-1
30.2368220936,22,3,1
24.8050942731,22,4,-1
35.6268660153,22,4,1
23.3617978284,22,5,-1
32.3493832266,22,5,1
21.187305537,22,6,-1
37.9292297627,22,6,1
17.6198913826,22,7,-1
39.0102886998,22,7,1
24.7997496038,22,8,-1
37.9133841882,22,8,1
23.2653297,22,9,-1
33.7807198678,22,9,1
25.556423297,22,10,-1
37.6140043239,22,10,1
20.8239682435,22,11,-1
35.0862053373,22,11,1
26.7385954699,22,12,-1
36.0887733912,22,12,1
24.3829081446,22,13,-1
38.9551722154,22,13,1
32.7125681668,22,14,-1
30.5465227968,22,14,1
26.2756610002,22,15,-1
34.4697143508,22,15,1
25.9076978139,22,16,-1
33.8318741896,22,16,1
26.4035665997,22,17,-1
28.9002916945,22,17,1
24.4975698754,22,18,-1
29.2969184664,22,18,1
27.8367235237,22,19,-1
22.3171798081,22,19,1
18.1952349921,22,20,-1
30.2523782694,22,20,1
28.9863225865,22,21,-1
33.7906767661,22,21,1
29.3432434616,22,22,-1
37.6287778501,22,22,1
25.0358994908,22,23,-1
29.3726448653,22,23,1
25.9674225705,22,24,-1
36.2143637776,22,24,1
30.8467300984,22,25,-1
41.6062425893,22,25,1
23.6394099313,22,26,-1
36.547389232,22,26,1
24.846187994,22,27,-1
33.8183565757,22,27,1
22.8727134719,22,28,-1
33.4481087015,22,28,1
24.8012096537,22,29,-1
31.9756049027,22,29,1
25.088258293,22,30,-1
34.8901981638,22,30,1
28.1361071349,23,1,-1
36.0730491324,23,1,1
24.565714694,23,2,-1
34.7910649542,23,2,1
28.8689819965,23,3,-1
42.3490727513,23,3,1
27.1984891349,23,4,-1
35.4163056432,23,4,1
27.7833462655,23,5,-1
36.5986814751,23,5,1
30.3749812544,23,6,-1
41.3102838222,23,6,1
29.4523510598,23,7,-1
36.3190760638,23,7,1
27.367484249,23,8,-1
37.450596194,23,8,1
25.8749983194,23,9,-1
38.3988407186,23,9,1
29.8827572154,23,10,-1
39.6065523582,23,10,1
29.8132433479,23,11,-1
31.7586087617,23,11,1
30.3156921388,23,12,-1
41.4489707194,23,12,1
34.1623533957,23,13,-1
35.4035180177,23,13,1
28.7141071559,23,14,-1
36.3682895086,23,14,1
24.597416874,23,15,-1
31.6056680421,23,15,1
19.4294454342,23,16,-1
33.2629318002,23,16,1
25.8629495433,23,17,-1
36.4335790839,23,17,1
24.4234596328,23,18,-1
32.4950055005,23,18,1
21.668329406,23,19,-1
33.4176431851,23,19,1
30.7419635389,23,20,-1
29.4396322974,23,20,1
24.1118243858,23,21,-1
35.5333041278,23,21,1
33.3048851482,23,22,-1
40.288753824,23,22,1
23.3451158172,23,23,-1
38.5885751393,23,23,1
28.1570592948,23,24,-1
35.926945461,23,24,1
28.5412416742,23,25,-1
37.946185008,23,25,1
27.3975777502,23,26,-1
42.6676958771,23,26,1
26.5709484282,23,27,-1
42.3486193426,23,27,1
26.6097371078,23,28,-1
34.6591864051,23,28,1
24.8168955061,23,29,-1
31.5331778465,23,29,1
24.868819398,23,30,-1
32.0678529734,23,30,1
35.3431793389,24,1,-1
44.6677773026,24,1,1
30.5813481902,24,2,-1
42.7964526644,24,2,1
34.1568879929,24,3,-1
45.9571558996,24,3,1
40.9054402933,24,4,-1
35.9940847884,24,4,1
36.6718002302,24,5,-1
44.9095279978,24,5,1
37.3098282039,24,6,-1
42.4237565585,24,6,1
32.5114410485,24,7,-1
44.8513100433,24,7,1
34.7733144593,24,8,-1
49.5426975275,24,8,1
33.6746168592,24,9,-1
45.212093416,24,9,1
43.0445665193,24,10,-1
50.3017718632,24,10,1
31.3656595514,24,11,-1
40.6022195148,24,11,1
38.8648415177,24,12,-1
44.2156666156,24,12,1
35.4933006456,24,13,-1
44.5325516123,24,13,1
29.5297098443,24,14,-1
43.3373982853,24,14,1
35.2743761475,24,15,-1
41.2763419513,24,15,1
31.9327336531,24,16,-1
43.387668757,24,16,1
34.7146800486,24,17,-1
46.8494846968,24,17,1
27.006951359,24,18,-1
43.271224329,24,18,1
26.3780024249,24,19,-1
40.6915526487,24,19,1
30.0958726782,24,20,-1
42.6088712969,24,20,1
32.9732065375,24,21,-1
44.5747251731,24,21,1
35.1247930848,24,22,-1
44.6848459216,24,22,1
29.6367142194,24,23,-1
47.4865350221,24,23,1
36.7377516749,24,24,-1
45.7114803309,24,24,1
32.9343369927,24,25,-1
46.2484605187,24,25,1
38.5675874415,24,26,-1
43.6325166346,24,26,1
31.1035334849,24,27,-1
43.0868222101,24,27,1
30.7202634182,24,28,-1
45.865219399,24,28,1
27.8171884968,24,29,-1
41.3122821328,24,29,1
30.6707978175,24,30,-1
45.0514999366,24,30,1
33.3715020683,25,1,-1
45.1128362239,25,1,1
38.3898123207,25,2,-1
41.9469561505,25,2,1
33.3139008595,25,3,-1
47.4022175924,25,3,1
31.4399016394,25,4,-1
39.3887613572,25,4,1
33.6765828585,25,5,-1
39.2921517043,25,5,1
29.6512698931,25,6,-1
41.1028915997,25,6,1
28.4004510555,25,7,-1
39.4781789175,25,7,1
31.9736354123,25,8,-1
43.8913724822,25,8,1
28.049961887,25,9,-1
42.2683761823,25,9,1
33.8997600555,25,10,-1
44.6640055286,25,10,1
27.8040891967,25,11,-1
38.5328429634,25,11,1
32.667962465,25,12,-1
37.8777271978,25,12,1
33.8792241178,25,13,-1
45.2544469655,25,13,1
34.1610362452,25,14,-1
40.1967332892,25,14,1
31.8730507102,25,15,-1
46.4728433744,25,15,1
34.8669206468,25,16,-1
40.4474179285,25,16,1
34.9581390994,25,17,-1
42.9632701859,25,17,1
31.0946404094,25,18,-1
41.0725562949,25,18,1
28.7800131703,25,19,-1
37.1899199332,25,19,1
28.6563630799,25,20,-1
32.0515692314,25,20,1
30.0657165187,25,21,-1
43.986780216,25,21,1
31.1849565831,25,22,-1
40.8759996418,25,22,1
35.9089861139,25,23,-1
40.5375653474,25,23,1
34.2880962803,25,24,-1
43.6884842501,25,24,1
31.1129775649,25,25,-1
40.0240109035,25,25,1
31.6371717643,25,26,-1
44.7308467922,25,26,1
32.4604830739,25,27,-1
41.9002791028,25,27,1
28.6685227849,25,28,-1
35.8897367452,25,28,1
32.7440552501,25,29,-1
38.288529233,25,29,1
28.0256329023,25,30,-1
36.6547267874,25,30,1
32.6643669164,26,1,-1
39.8167215418,26,1,1
26.1393458809,26,2,-1
35.8874052912,26,2,1
31.5201560218,26,3,-1
41.8417814077,26,3,1
25.2133230585,26,4,-1
35.0978122917,26,4,1
31.4262828121,26,5,-1
42.7339327086,26,5,1
26.8603729225,26,6,-1
42.7584829757,26,6,1
32.7360401969,26,7,-1
38.6034216802,26,7,1
26.9468498594,26,8,-1
43.7693571232,26,8,1
28.098352599,26,9,-1
38.8515886849,26,9,1
28.6407118476,26,10,-1
38.3101120232,26,10,1
29.1445839251,26,11,-1
41.8150727433,26,11,1
37.5473425319,26,12,-1
41.8408581299,26,12,1
35.542595488,26,13,-1
46.135678559,26,13,1
23.7135268548,26,14,-1
37.688648696,26,14,1
25.8952234737,26,15,-1
36.2701990256,26,15,1
26.7695960219,26,16,-1
40.4033751571,26,16,1
32.7770512428,26,17,-1
40.4737986152,26,17,1
24.3628994584,26,18,-1
38.5357259671,26,18,1
28.1788080106,26,19,-1
39.2060059512,26,19,1
24.1085093276,26,20,-1
39.6513226667,26,20,1
29.2915929298,26,21,-1
44.9272781298,26,21,1
28.4044488968,26,22,-1
41.4279156962,26,22,1
26.5451061737,26,23,-1
41.3861647613,26,23,1
32.6634250931,26,24,-1
40.1745596894,26,24,1
29.7086063651,26,25,-1
41.3179098386,26,25,1
27.2586796131,26,26,-1
42.5852209122,26,26,1
27.9334216412,26,27,-1
41.1868462234,26,27,1
27.7742175618,26,28,-1
31.9427308945,26,28,1
21.9788427378,26,29,-1
32.3002759343,26,29,1
28.6685536448,26,30,-1
36.0467151612,26,30,1
27.3030573814,27,1,-1
34.8132729837,27,1,1
28.357876422,27,2,-1
37.2439806981,27,2,1
35.8240259638,27,3,-1
32.4279554365,27,3,1
28.6879522703,27,4,-1
36.6899781759,27,4,1
26.8082255669,27,5,-1
39.066717027,27,5,1
29.3883642477,27,6,-1
35.565615108,27,6,1
29.2576240621,27,7,-1
33.9786852134,27,7,1
30.9779727051,27,8,-1
39.7767397212,27,8,1
31.5659850057,27,9,-1
36.3671017746,27,9,1
35.635426413,27,10,-1
38.2327432573,27,10,1
22.3246085991,27,11,-1
34.9778562147,27,11,1
35.2981942521,27,12,-1
37.84422409,27,12,1
31.146152701,27,13,-1
39.5931950818,27,13,1
27.4643033234,27,14,-1
37.7526942376,27,14,1
27.1662711334,27,15,-1
35.3465753051,27,15,1
31.0114165436,27,16,-1
35.9355843219,27,16,1
33.0117775942,27,17,-1
36.9603835447,27,17,1
24.8319025532,27,18,-1
34.5085755707,27,18,1
29.0086635334,27,19,-1
36.1273312236,27,19,1
29.83416553,27,20,-1
37.8939452357,27,20,1
29.9751349636,27,21,-1
37.7188897413,27,21,1
29.8979485367,27,22,-1
41.0440708331,27,22,1
31.4638521112,27,23,-1
36.7230879554,27,23,1
27.4721339571,27,24,-1
38.7412924991,27,24,1
30.5167678524,27,25,-1
37.9014835159,27,25,1
31.6515808534,27,26,-1
40.0294893079,27,26,1
28.0691148238,27,27,-1
41.8632973223,27,27,1
32.3515965815,27,28,-1
32.4269020082,27,28,1
21.5280859705,27,29,-1
29.4520067284,27,29,1
25.9896897567,27,30,-1
38.1252932989,27,30,1
33.2283474654,28,1,-1
48.0069964193,28,1,1
35.8438717279,28,2,-1
42.4502602135,28,2,1
35.8979614015,28,3,-1
41.8522051091,28,3,1
33.5490976501,28,4,-1
48.4108926805,28,4,1
34.0647680832,28,5,-1
44.5571232823,28,5,1
38.2856640016,28,6,-1
49.7276383416,28,6,1
32.4762933401,28,7,-1
45.931967578,28,7,1
38.9682629308,28,8,-1
47.3449222254,28,8,1
31.9101732194,28,9,-1
45.5005961207,28,9,1
36.0539354247,28,10,-1
47.7359515207,28,10,1
35.5043989028,28,11,-1
44.6122719055,28,11,1
37.0186758873,28,12,-1
46.543548629,28,12,1
39.4871844344,28,13,-1
53.0010163211,28,13,1
33.5334789609,28,14,-1
50.6161431757,28,14,1
29.7543333756,28,15,-1
42.0236551739,28,15,1
33.745710199,28,16,-1
45.0625345766,28,16,1
40.8144023012,28,17,-1
48.6868143147,28,17,1
31.7473126771,28,18,-1
46.1841174624,28,18,1
35.9140190233,28,19,-1
39.4019914496,28,19,1
29.5813361788,28,20,-1
44.1218197175,28,20,1
41.3976676649,28,21,-1
48.0456729803,28,21,1
42.1363522199,28,22,-1
49.0284341574,28,22,1
34.7199237878,28,23,-1
51.4035759106,28,23,1
31.9017603869,28,24,-1
44.7387816089,28,24,1
34.4573806902,28,25,-1
45.6465304759,28,25,1
40.5398183197,28,26,-1
43.88994744,28,26,1
42.2386599975,28,27,-1
46.0995245241,28,27,1
36.0656201364,28,28,-1
48.4456474896,28,28,1
33.2226964795,28,29,-1
43.3385010832,28,29,1
36.4689570976,28,30,-1
44.7090962287,28,30,1
35.4276146454,29,1,-1
48.9539844097,29,1,1
39.9791575065,29,2,-1
42.1329812101,29,2,1
41.0808715976,29,3,-1
41.6513012487,29,3,1
39.5319978076,29,4,-1
43.9702887042,29,4,1
35.9760928448,29,5,-1
46.4849116936,29,5,1
35.0281973394,29,6,-1
42.395778939,29,6,1
33.7026939122,29,7,-1
38.6863427218,29,7,1
33.8866705291,29,8,-1
45.7890033457,29,8,1
34.3599281618,29,9,-1
37.6451154705,29,9,1
47.328199342,29,10,-1
47.2508004817,29,10,1
38.4859805032,29,11,-1
40.6464007985,29,11,1
36.4943876316,29,12,-1
47.6818073997,29,12,1
45.3485031392,29,13,-1
49.1341336232,29,13,1
44.7680485048,29,14,-1
45.3518576135,29,14,1
38.2728988469,29,15,-1
39.4409731647,29,15,1
30.1731760375,29,16,-1
42.6362905816,29,16,1
42.1182496296,29,17,-1
39.5244390772,29,17,1
37.1505169623,29,18,-1
44.3227438403,29,18,1
33.7487871384,29,19,-1
39.4328358763,29,19,1
37.8867528693,29,20,-1
43.018285246,29,20,1
40.4124947787,29,21,-1
38.6293559559,29,21,1
36.0826903234,29,22,-1
50.000058378,29,22,1
34.7373487334,29,23,-1
47.1781403383,29,23,1
39.1942995612,29,24,-1
44.3331527607,29,24,1
39.6994562291,29,25,-1
44.7615836441,29,25,1
43.6048924164,29,26,-1
44.8661781934,29,26,1
41.7773848471,29,27,-1
46.0719029282,29,27,1
41.8287006266,29,28,-1
43.9256432928,29,28,1
37.6860423657,29,29,-1
36.5739973479,29,29,1
38.1068780752,29,30,-1
43.8517005114,29,30,1
32.9819318255,30,1,-1
41.5811519318,30,1,1
28.8770256285,30,2,-1
42.8780688587,30,2,1
32.320080233,30,3,-1
39.676834056,30,3,1
33.4690910332,30,4,-1
46.6532317377,30,4,1
33.5534237048,30,5,-1
41.7007919361,30,5,1
34.0534186758,30,6,-1
43.287738787,30,6,1
31.5678590163,30,7,-1
43.3613478621,30,7,1
37.9152884157,30,8,-1
42.2607026959,30,8,1
30.3522650187,30,9,-1
41.0496833197,30,9,1
36.8824248725,30,10,-1
47.5917555807,30,10,1
32.9496985652,30,11,-1
44.0693523932,30,11,1
30.5767524286,30,12,-1
42.9491290919,30,12,1
42.5377666212,30,13,-1
42.2428337765,30,13,1
28.2569009761,30,14,-1
44.4507946977,30,14,1
33.2698955315,30,15,-1
45.3412453054,30,15,1
30.804469199,30,16,-1
40.3923226671,30,16,1
33.6950587619,30,17,-1
40.97775191,30,17,1
31.7329029338,30,18,-1
35.5639673901,30,18,1
29.5219992949,30,19,-1
43.0471564981,30,19,1
24.5942812901,30,20,-1
34.7649551924,30,20,1
33.9704579996,30,21,-1
42.7635977941,30,21,1
36.352647566,30,22,-1
45.1362639567,30,22,1
32.9015407972,30,23,-1
43.2695597407,30,23,1
31.6774664415,30,24,-1
40.7246420703,30,24,1
33.2883242859,30,25,-1
46.0364431924,30,25,1
29.992091785,30,26,-1
43.0832014677,30,26,1
32.9044194597,30,27,-1
42.7045519318,30,27,1
28.6907126543,30,28,-1
44.0674377441,30,28,1
33.4051193046,30,29,-1
40.1590157284,30,29,1
28.9781020217,30,30,-1
42.0438099846,30,30,1
32.3318794193,31,1,-1
44.3413403229,31,1,1
28.7544691964,31,2,-1
33.7230587207,31,2,1
27.4521696911,31,3,-1
44.9160899766,31,3,1
30.5651046378,31,4,-1
46.960454703,31,4,1
27.1443099595,31,5,-1
39.3127585977,31,5,1
31.038308119,31,6,-1
39.4228256841,31,6,1
31.9978611884,31,7,-1
42.9531798564,31,7,1
25.8820267036,31,8,-1
47.4015515897,31,8,1
29.0909579453,31,9,-1
39.0459159852,31,9,1
36.6947787932,31,10,-1
43.9223078636,31,10,1
30.0287601027,31,11,-1
39.857917404,31,11,1
31.9329227699,31,12,-1
42.1327426361,31,12,1
29.9515590809,31,13,-1
39.4234538072,31,13,1
33.9237557752,31,14,-1
43.9669351148,31,14,1
23.9385616329,31,15,-1
36.7176639946,31,15,1
28.263645452,31,16,-1
32.6060509128,31,16,1
34.5781663852,31,17,-1
37.7147776053,31,17,1
24.1384852878,31,18,-1
38.2101579633,31,18,1
29.4988561572,31,19,-1
37.4903962761,31,19,1
29.5335320206,31,20,-1
32.9554224763,31,20,1
28.3340189572,31,21,-1
47.9370820812,31,21,1
27.6660051552,31,22,-1
42.6287793814,31,22,1
30.3947374141,31,23,-1
40.7538426285,31,23,1
26.7245141151,31,24,-1
37.9839573665,31,24,1
25.2996330357,31,25,-1
41.1899496412,31,25,1
41.1485446681,31,26,-1
37.4566702705,31,26,1
32.5085420745,31,27,-1
42.0006366323,31,27,1
27.297384004,31,28,-1
39.4525719665,31,28,1
24.0738958894,31,29,-1
34.6352673428,31,29,1
29.1764211124,31,30,-1
33.2496503392,31,30,1
24.8135173206,32,1,-1
39.9296597777,32,1,1
22.5726877806,32,2,-1
34.1197127705,32,2,1
23.4946897768,32,3,-1
34.1811472204,32,3,1
21.1218123672,32,4,-1
35.6621240428,32,4,1
23.3957873163,32,5,-1
30.2929870003,32,5,1
27.6823227444,32,6,-1
37.5872248661,32,6,1
19.9974992186,32,7,-1
32.978969469,32,7,1
32.1959516045,32,8,-1
39.0969768649,32,8,1
21.3658922346,32,9,-1
36.0006166141,32,9,1
25.8369717252,32,10,-1
39.1407727242,32,10,1
22.9253669679,32,11,-1
33.4629429647,32,11,1
26.2287591973,32,12,-1
38.4813445907,32,12,1
30.5830840338,32,13,-1
38.5285486456,32,13,1
22.793294657,32,14,-1
39.2671996036,32,14,1
24.2819293738,32,15,-1
34.1243792187,32,15,1
25.149405791,32,16,-1
30.4902723387,32,16,1
30.3993014864,32,17,-1
37.6817111949,32,17,1
20.629769574,32,18,-1
33.7130394445,32,18,1
22.6202115793,32,19,-1
41.8481817642,32,19,1
17.3836633526,32,20,-1
33.7294105234,32,20,1
25.053068499,32,21,-1
41.2474268238,32,21,1
27.2865480182,32,22,-1
39.6681115889,32,22,1
23.4500776242,32,23,-1
37.1702342355,32,23,1
22.8050921807,32,24,-1
29.5916927166,32,24,1
22.9958571903,32,25,-1
36.8425634801,32,25,1
29.174248246,32,26,-1
42.5080963871,32,26,1
32.4854622012,32,27,-1
37.2707332326,32,27,1
27.3256852658,32,28,-1
34.7087587632,32,28,1
14.0858929995,32,29,-1
31.3818927578,32,29,1
27.0477805889,32,30,-1
31.6843866961,32,30,1
20.7634495933,33,1,-1
29.0264870035,33,1,1
19.4283955193,33,2,-1
35.0822814882,33,2,1
30.5657249707,33,3,-1
33.9605121348,33,3,1
25.8738547453,33,4,-1
33.5107375042,33,4,1
20.6792475589,33,5,-1
31.7469599661,33,5,1
26.8433957201,33,6,-1
33.5105744605,33,6,1
28.3944522845,33,7,-1
30.2031439769,33,7,1
25.3245761986,33,8,-1
38.1716116198,33,8,1
24.1342660467,33,9,-1
33.6613938538,33,9,1
29.1822417335,33,10,-1
38.6093283047,33,10,1
23.0115905816,33,11,-1
34.7564571511,33,11,1
28.8299354229,33,12,-1
32.6385866677,33,12,1
35.3962768038,33,13,-1
35.8678113469,33,13,1
26.3423050633,33,14,-1
38.2385800071,33,14,1
23.587991853,33,15,-1
33.5106253699,33,15,1
19.9585476522,33,16,-1
30.0484471903,33,16,1
28.2816801747,33,17,-1
30.5418528014,33,17,1
20.1078964342,33,18,-1
28.98810781,33,18,1
24.4399190821,33,19,-1
31.7587909221,33,19,1
25.5069606636,33,20,-1
27.581248582,33,20,1
23.6665814719,33,21,-1
34.5659383136,33,21,1
26.7662491463,33,22,-1
30.0507063949,33,22,1
25.5586322992,33,23,-1
37.8369771683,33,23,1
25.9663798885,33,24,-1
33.8564341231,33,24,1
25.1420699262,33,25,-1
28.188582142,33,25,1
27.2950489336,33,26,-1
39.8854286093,33,26,1
26.6506271684,33,27,-1
31.8091551622,33,27,1
22.5274301297,33,28,-1
30.8103127087,33,28,1
22.3516721485,33,29,-1
24.67235244,33,29,1
20.9950548926,33,30,-1
35.7527114602,33,30,1
34.2577996263,34,1,-1
42.9012512985,34,1,1
30.6736175457,34,2,-1
37.366293906,34,2,1
31.8682540307,34,3,-1
37.4500080335,34,3,1
29.9051745325,34,4,-1
42.4207346237,34,4,1
28.1507896565,34,5,-1
37.9152807247,34,5,1
27.5694749151,34,6,-1
39.6562239176,34,6,1
25.7514259785,34,7,-1
40.0266221779,34,7,1
29.6475415549,34,8,-1
41.6889833925,34,8,1
30.2101328811,34,9,-1
36.2041777132,34,9,1
33.7386982418,34,10,-1
44.9147174526,34,10,1
29.0932498163,34,11,-1
35.3804234012,34,11,1
25.3265658937,34,12,-1
42.9531376868,34,12,1
37.0411526793,34,13,-1
37.9011235007,34,13,1
32.310541735,34,14,-1
38.8040509228,34,14,1
24.2325429307,34,15,-1
38.416923118,34,15,1
29.8664723306,34,16,-1
32.8334934612,34,16,1
33.3259103632,34,17,-1
37.2852832679,34,17,1
30.200204486,34,18,-1
32.3878055024,34,18,1
26.1106968824,34,19,-1
34.4501725563,34,19,1
26.890683562,34,20,-1
30.8705052391,34,20,1
29.8723423117,34,21,-1
40.6326640827,34,21,1
25.7283477488,34,22,-1
35.7836929991,34,22,1
29.8460905023,34,23,-1
34.8463242331,34,23,1
27.7705956307,34,24,-1
32.5344900746,34,24,1
29.5551307539,34,25,-1
49.2888890813,34,25,1
34.4416579599,34,26,-1
38.1400495467,34,26,1
22.7529691596,34,27,-1
45.5719861694,34,27,1
25.5778064616,34,28,-1
35.9248791754,34,28,1
22.4372511468,34,29,-1
36.5869139962,34,29,1
26.8958880715,34,30,-1
37.5013132855,34,30,1
32.4921040861,35,1,-1
36.7685922844,35,1,1
26.6232891997,35,2,-1
38.6800994824,35,2,1
23.7603181727,35,3,-1
38.8579567899,35,3,1
24.9852873158,35,4,-1
40.4102042919,35,4,1
27.0227308327,35,5,-1
42.0992203904,35,5,1
33.1252320687,35,6,-1
35.6462149299,35,6,1
24.617529267,35,7,-1
37.4880377531,35,7,1
30.9349656623,35,8,-1
43.1734432003,35,8,1
25.9719600219,35,9,-1
37.39097659,35,9,1
38.5073850654,35,10,-1
47.4576945207,35,10,1
22.7881254435,35,11,-1
34.3736854378,35,11,1
28.3588467213,35,12,-1
40.5726416832,35,12,1
34.3152168237,35,13,-1
45.4242948942,35,13,1
28.5916324771,35,14,-1
35.6411149983,35,14,1
27.7640599191,35,15,-1
38.0053532281,35,15,1
25.5758607792,35,16,-1
33.705110949,35,16,1
25.9780655846,35,17,-1
37.6481587755,35,17,1
17.1161456505,35,18,-1
31.4552017725,35,18,1
27.0783028623,35,19,-1
38.9539687054,35,19,1
22.1228046199,35,20,-1
37.2451660591,35,20,1
28.0030927129,35,21,-1
36.5475881388,35,21,1
30.2990052763,35,22,-1
41.4853621096,35,22,1
30.6114477513,35,23,-1
37.9429285016,35,23,1
24.7509045772,35,24,-1
38.0550319986,35,24,1
27.6582577457,35,25,-1
33.4516388586,35,25,1
31.0834609067,35,26,-1
40.5350946752,35,26,1
22.2411228454,35,27,-1
39.6874708288,35,27,1
29.9410213955,35,28,-1
43.4421528813,35,28,1
32.2361116092,35,29,-1
29.6362443658,35,29,1
26.8531395346,35,30,-1
39.0969434236,35,30,1
25.613264615,36,1,-1
39.6893410511,36,1,1
27.3036466407,36,2,-1
37.9103461579,36,2,1
34.1323429056,36,3,-1
37.821290383,36,3,1
29.6712094117,36,4,-1
37.3787542807,36,4,1
30.4858006011,36,5,-1
42.8624882717,36,5,1
29.0035568907,36,6,-1
39.3012260774,36,6,1
30.2715639052,36,7,-1
30.2674239208,36,7,1
25.4608545145,36,8,-1
40.7122741449,36,8,1
24.9689990472,36,9,-1
34.273712238,36,9,1
32.6810065819,36,10,-1
46.5591192953,36,10,1
31.4937255465,36,11,-1
35.3317182362,36,11,1
31.2893769437,36,12,-1
45.9047537041,36,12,1
29.3087308822,36,13,-1
43.4468733296,36,13,1
21.6594427262,36,14,-1
33.6665545016,36,14,1
24.0152256205,36,15,-1
39.1422274397,36,15,1
33.1505071501,36,16,-1
33.5673563811,36,16,1
29.2866487871,36,17,-1
41.0276200926,36,17,1
24.683308183,36,18,-1
36.980650861,36,18,1
25.6357834147,36,19,-1
34.0646101152,36,19,1
20.1682493028,36,20,-1
35.3656172312,36,20,1
26.2684711975,36,21,-1
36.7210483861,36,21,1
29.7207729475,36,22,-1
41.5151816931,36,22,1
25.5363708479,36,23,-1
38.0859564087,36,23,1
25.7710135759,36,24,-1
33.4862165263,36,24,1
28.362368583,36,25,-1
36.7044281464,36,25,1
32.8368592028,36,26,-1
41.330488125,36,26,1
33.8226505811,36,27,-1
39.4094492272,36,27,1
23.5640056195,36,28,-1
34.4187178723,36,28,1
25.6494774472,36,29,-1
33.7828002452,36,29,1
27.0550118426,36,30,-1
31.4708619711,36,30,1
40.6987214079,37,1,-1
43.61068013,37,1,1
40.4390604425,37,2,-1
42.0599268337,37,2,1
35.6857235758,37,3,-1
46.828666103,37,3,1
40.0142014326,37,4,-1
47.2300336355,37,4,1
33.5830081657,37,5,-1
45.8611417257,37,5,1
31.6184204416,37,6,-1
51.1700427495,37,6,1
37.7677016883,37,7,-1
44.0455934224,37,7,1
36.6838536289,37,8,-1
44.320033668,37,8,1
37.9721945062,37,9,-1
40.0746167968,37,9,1
41.6838747277,37,10,-1
46.451134935,37,10,1
35.6188153788,37,11,-1
44.1374207902,37,11,1
37.5799889356,37,12,-1
46.8963966939,37,12,1
43.3651307029,37,13,-1
49.5183855696,37,13,1
41.5260280736,37,14,-1
50.1724971649,37,14,1
37.1292719483,37,15,-1
42.1064013095,37,15,1
34.3010854114,37,16,-1
48.9320268525,37,16,1
41.537192605,37,17,-1
50.4991670856,37,17,1
37.3853284,37,18,-1
42.383268961,37,18,1
33.6206407134,37,19,-1
41.357024619,37,19,1
31.8901207112,37,20,-1
50.7769216058,37,20,1
36.6669840159,37,21,-1
43.3568023339,37,21,1
38.3771978839,37,22,-1
51.4925862374,37,22,1
40.8862191668,37,23,-1
45.7516216047,37,23,1
34.2460287528,37,24,-1
47.6483916022,37,24,1
36.9729582106,37,25,-1
44.76028028,37,25,1
41.1383087017,37,26,-1
46.8884655639,37,26,1
40.6355650608,37,27,-1
49.1975971874,37,27,1
33.6759435841,37,28,-1
44.4295423624,37,28,1
36.3911482952,37,29,-1
40.375010717,37,29,1
37.2995601468,37,30,-1
45.1563887414,37,30,1
29.5796396824,38,1,-1
39.1013865322,38,1,1
30.3627945676,38,2,-1
41.8778706362,38,2,1
26.4677599745,38,3,-1
41.8710026359,38,3,1
29.7854263483,38,4,-1
42.2914926983,38,4,1
33.1881416467,38,5,-1
46.4932942626,38,5,1
28.7940947853,38,6,-1
42.0855114492,38,6,1
33.7576313194,38,7,-1
41.7041988247,38,7,1
33.6683150579,38,8,-1
47.8411586504,38,8,1
31.1302122312,38,9,-1
38.4858665478,38,9,1
37.9007718378,38,10,-1
49.5938819995,38,10,1
30.088527369,38,11,-1
37.9430582959,38,11,1
30.8903700874,38,12,-1
41.3835745892,38,12,1
36.5467799956,38,13,-1
50.3287312851,38,13,1
29.4755010706,38,14,-1
45.1884170194,38,14,1
31.6289780007,38,15,-1
36.4996113398,38,15,1
27.295230347,38,16,-1
43.3702357588,38,16,1
36.4628996488,38,17,-1
44.6021968971,38,17,1
22.7188954103,38,18,-1
38.5259475862,38,18,1
27.1626661704,38,19,-1
45.2586968245,38,19,1
33.8098220698,38,20,-1
38.9107484973,38,20,1
37.3599615594,38,21,-1
40.0372953647,38,21,1
40.285862515,38,22,-1
40.6082380434,38,22,1
34.7428459744,38,23,-1
43.0451645637,38,23,1
29.5962981374,38,24,-1
36.8548315243,38,24,1
29.323606425,38,25,-1
45.6379784147,38,25,1
34.5230273606,38,26,-1
51.7481802272,38,26,1
36.6715686274,38,27,-1
51.35558228,38,27,1
33.9179148679,38,28,-1
42.5568963759,38,28,1
26.7400149259,38,29,-1
34.9095541348,38,29,1
30.6163832997,38,30,-1
38.4950031288,38,30,1
29.6857270192,39,1,-1
44.0340020921,39,1,1
39.1339424266,39,2,-1
40.2160896217,39,2,1
31.1612158334,39,3,-1
46.7951141762,39,3,1
33.6593704114,39,4,-1
46.0298257547,39,4,1
31.1870116023,39,5,-1
44.3134083238,39,5,1
33.1562854026,39,6,-1
47.0259080121,39,6,1
31.4780602146,39,7,-1
47.0628064488,39,7,1
33.2612792216,39,8,-1
41.9253731016,39,8,1
34.8653229899,39,9,-1
46.2310390135,39,9,1
34.7864358065,39,10,-1
46.0340821952,39,10,1
30.2225993857,39,11,-1
44.88560599,39,11,1
34.8531131216,39,12,-1
51.0729993,39,12,1
37.8633996073,39,13,-1
48.3106641711,39,13,1
35.5414622159,39,14,-1
51.5072659848,39,14,1
28.4849602511,39,15,-1
38.669107473,39,15,1
29.4739352,39,16,-1
42.1759648316,39,16,1
32.7037878876,39,17,-1
46.1267244174,39,17,1
31.276832145,39,18,-1
42.7308860301,39,18,1
31.3782086487,39,19,-1
43.2493994203,39,19,1
27.8266637497,39,20,-1
43.1582307135,39,20,1
33.7494811592,39,21,-1
47.8750093743,39,21,1
31.4081954903,39,22,-1
42.1899821195,39,22,1
39.0763044989,39,23,-1
45.9589352601,39,23,1
32.4397689452,39,24,-1
46.4794231111,39,24,1
32.5205466848,39,25,-1
40.3786882461,39,25,1
38.4387901818,39,26,-1
48.3370686448,39,26,1
38.8955229523,39,27,-1
41.9329944842,39,27,1
33.6268685502,39,28,-1
45.9221189792,39,28,1
29.5817186731,39,29,-1
44.9489192298,39,29,1
28.5581667523,39,30,-1
45.1580168398,39,30,1
24.7477945384,40,1,-1
33.0287968819,40,1,1
24.9073326742,40,2,-1
32.2801627199,40,2,1
24.0123637956,40,3,-1
31.9197510877,40,3,1
31.1770822685,40,4,-1
34.9718222475,40,4,1
28.9640723378,40,5,-1
34.6712009491,40,5,1
22.833846336,40,6,-1
29.9072796354,40,6,1
20.86503088,40,7,-1
34.4931225641,40,7,1
24.0958139956,40,8,-1
34.7218250202,40,8,1
26.2036220627,40,9,-1
32.4766683471,40,9,1
25.3871257412,40,10,-1
36.8613701002,40,10,1
23.6153264076,40,11,-1
36.5849222795,40,11,1
27.6209755933,40,12,-1
38.3426550749,40,12,1
29.8775330161,40,13,-1
38.3444832078,40,13,1
26.791262681,40,14,-1
36.2990411513,40,14,1
26.5170182105,40,15,-1
34.1026196722,40,15,1
26.5556954685,40,16,-1
26.1686644838,40,16,1
28.4466691091,40,17,-1
33.5310429804,40,17,1
17.5169007115,40,18,-1
31.8351792856,40,18,1
19.0774768488,40,19,-1
29.4131066806,40,19,1
20.4901488641,40,20,-1
28.9194425123,40,20,1
25.6954441805,40,21,-1
33.104026265,40,21,1
24.7467559654,40,22,-1
34.9246543023,40,22,1
26.0188371876,40,23,-1
28.1749661444,40,23,1
19.8063815228,40,24,-1
32.6393560756,40,24,1
27.1456472251,40,25,-1
35.1460450322,40,25,1
24.9545161272,40,26,-1
33.4189570694,40,26,1
26.9166274232,40,27,-1
27.0327955825,40,27,1
22.8362444588,40,28,-1
35.189726154,40,28,1
17.1871982365,40,29,-1
32.634254911,40,29,1
26.6284493744,40,30,-1
33.2151810573,40,30,1
24.6756823671,41,1,-1
35.4013541674,41,1,1
22.5460530586,41,2,-1
31.8041339962,41,2,1
21.9212995927,41,3,-1
40.7043953474,41,3,1
22.7718602303,41,4,-1
34.0692083946,41,4,1
26.3539678441,41,5,-1
32.5713124149,41,5,1
21.0624476134,41,6,-1
35.7454914403,41,6,1
25.5991207057,41,7,-1
32.8256278658,41,7,1
19.0665422066,41,8,-1
42.3657011705,41,8,1
17.0096163367,41,9,-1
31.2594999047,41,9,1
30.432776622,41,10,-1
36.6312534335,41,10,1
20.9284849501,41,11,-1
35.1750817015,41,11,1
26.1231499454,41,12,-1
32.7643779751,41,12,1
31.6166768573,41,13,-1
34.6505299293,41,13,1
25.514539962,41,14,-1
38.040421704,41,14,1
22.4744851097,41,15,-1
30.2717336229,41,15,1
22.7518630415,41,16,-1
31.0217094259,41,16,1
26.5025587196,41,17,-1
34.9489868487,41,17,1
14.3595029142,41,18,-1
33.0294451169,41,18,1
22.4596583618,41,19,-1
35.2863674416,41,19,1
21.2677802323,41,20,-1
31.0078643271,41,20,1
30.9093322358,41,21,-1
32.5389712963,41,21,1
30.7171752422,41,22,-1
34.5120487587,41,22,1
29.1243638459,41,23,-1
34.8848854782,41,23,1
22.2769904538,41,24,-1
30.4541225126,41,24,1
23.2712439425,41,25,-1
36.1643546079,41,25,1
29.7805786633,41,26,-1
34.74914796,41,26,1
23.6429650391,41,27,-1
33.2058028803,41,27,1
26.3914982157,41,28,-1
33.0745500936,41,28,1
22.8335635189,41,29,-1
33.1520715304,41,29,1
18.7047085817,41,30,-1
33.0565517335,41,30,1
38.0282888591,42,1,-1
39.3056546814,42,1,1
32.0374228699,42,2,-1
36.7007935221,42,2,1
28.8367327855,42,3,-1
44.5271159462,42,3,1
29.0151318348,42,4,-1
43.2846746115,42,4,1
35.1151116987,42,5,-1
41.0942592161,42,5,1
24.9729388457,42,6,-1
42.8066483082,42,6,1
30.7006321261,42,7,-1
39.0077664542,42,7,1
33.7582151824,42,8,-1
44.8312704044,42,8,1
25.1800567762,42,9,-1
45.5980181575,42,9,1
40.8847718311,42,10,-1
42.443579221,42,10,1
26.6736971397,42,11,-1
47.2808253054,42,11,1
36.7450803025,42,12,-1
46.9162436768,42,12,1
32.997917947,42,13,-1
42.543536747,42,13,1
25.9490207872,42,14,-1
42.1373420617,42,14,1
31.7778348624,42,15,-1
36.7489914121,42,15,1
30.2645275573,42,16,-1
34.1005240597,42,16,1
31.7577464419,42,17,-1
43.3283372264,42,17,1
27.3203453033,42,18,-1
35.2445062449,42,18,1
35.1144806915,42,19,-1
41.5658322666,42,19,1
26.8921297194,42,20,-1
39.3775633536,42,20,1
36.1207056273,42,21,-1
35.4060550152,42,21,1
29.9331212788,42,22,-1
44.8039580283,42,22,1
33.2952521776,42,23,-1
41.9625122646,42,23,1
34.8832046326,42,24,-1
45.2423501645,42,24,1
28.0662626278,42,25,-1
42.007290045,42,25,1
34.9283970031,42,26,-1
45.9798832698,42,26,1
30.5346672988,42,27,-1
41.1753038871,42,27,1
31.2331794067,42,28,-1
33.7883528755,42,28,1
29.6671790829,42,29,-1
41.9190303191,42,29,1
29.0533743091,42,30,-1
42.1218667078,42,30,1
28.3845970817,43,1,-1
41.3151668817,43,1,1
27.0841574771,43,2,-1
33.3730415723,43,2,1
27.4429808623,43,3,-1
39.7791937441,43,3,1
29.4270187813,43,4,-1
38.3356763532,43,4,1
30.5674133308,43,5,-1
37.2879197848,43,5,1
30.6278178298,43,6,-1
34.2655935796,43,6,1
29.0790222154,43,7,-1
35.3119570119,43,7,1
36.2846564229,43,8,-1
40.4455623204,43,8,1
24.8556252128,43,9,-1
35.3227422144,43,9,1
32.7871179488,43,10,-1
41.0545451209,43,10,1
28.4477819054,43,11,-1
41.3649898813,43,11,1
25.9126474194,43,12,-1
43.5324712429,43,12,1
28.0381751782,43,13,-1
45.1038049686,43,13,1
29.0724537776,43,14,-1
30.7619486608,43,14,1
30.6730127255,43,15,-1
39.2136902196,43,15,1
27.1166160735,43,16,-1
30.9136307265,43,16,1
28.4803227715,43,17,-1
35.2421770916,43,17,1
27.9588210468,43,18,-1
32.8088652386,43,18,1
26.8148746932,43,19,-1
35.326413429,43,19,1
27.3046195596,43,20,-1
33.3466518593,43,20,1
27.8685414508,43,21,-1
39.2977936239,43,21,1
31.1690535824,43,22,-1
39.9941876356,43,22,1
35.1308431507,43,23,-1
39.929802516,43,23,1
28.0472601412,43,24,-1
34.9738166264,43,24,1
36.5975138995,43,25,-1
34.5984524202,43,25,1
29.2383164423,43,26,-1
35.242944016,43,26,1
33.654813781,43,27,-1
42.2729965295,43,27,1
29.3791609327,43,28,-1
35.4853452485,43,28,1
26.2034277857,43,29,-1
29.5204603249,43,29,1
27.1469852957,43,30,-1
37.3438748045,43,30,1
30.306411517,44,1,-1
40.8746735828,44,1,1
32.0010205613,44,2,-1
34.0236164073,44,2,1
34.3950242709,44,3,-1
39.6526788611,44,3,1
31.7688420424,44,4,-1
41.8098114619,44,4,1
37.0441139505,44,5,-1
39.3705083231,44,5,1
35.3092528301,44,6,-1
46.1968141597,44,6,1
32.652178195,44,7,-1
36.2714394459,44,7,1
33.211960953,44,8,-1
40.0457814222,44,8,1
31.9355456941,44,9,-1
39.2216797046,44,9,1
33.3896406533,44,10,-1
45.87517515,44,10,1
27.3057530553,44,11,-1
38.5551578116,44,11,1
36.4193648784,44,12,-1
40.8534001874,44,12,1
40.7689382985,44,13,-1
49.960257956,44,13,1
31.8000148725,44,14,-1
44.1362593002,44,14,1
34.6678179002,44,15,-1
34.6632640234,44,15,1
37.9299914512,44,16,-1
36.4312856062,44,16,1
30.8374747507,44,17,-1
40.4785481765,44,17,1
22.2121235124,44,18,-1
34.2455281064,44,18,1
29.2300277585,44,19,-1
39.2485932519,44,19,1
29.1618412355,44,20,-1
39.9338929716,44,20,1
32.6430971911,44,21,-1
49.7429119996,44,21,1
32.8981382618,44,22,-1
38.4994433919,44,22,1
35.3913621032,44,23,-1
43.7898039742,44,23,1
33.047024377,44,24,-1
37.5612480951,44,24,1
29.5076518593,44,25,-1
42.9689253744,44,25,1
37.6892734038,44,26,-1
40.4408015405,44,26,1
35.0666335088,44,27,-1
42.4707359866,44,27,1
31.4470870559,44,28,-1
42.2553623207,44,28,1
30.1704260732,44,29,-1
38.2643428171,44,29,1
34.5321492146,44,30,-1
34.9291869303,44,30,1
28.020308377,45,1,-1
30.9191307489,45,1,1
20.270773948,45,2,-1
35.0755500756,45,2,1
21.3755585012,45,3,-1
30.689087363,45,3,1
22.5694878854,45,4,-1
36.6448485533,45,4,1
26.5961152534,45,5,-1
26.0618578448,45,5,1
20.4428805305,45,6,-1
33.1115507424,45,6,1
15.0689962414,45,7,-1
31.0671060212,45,7,1
27.2246515673,45,8,-1
34.156567494,45,8,1
18.1435652616,45,9,-1
36.000808775,45,9,1
25.2506259043,45,10,-1
38.5404022497,45,10,1
21.0852219885,45,11,-1
25.4154318878,45,11,1
29.6391048605,45,12,-1
37.2692782046,45,12,1
26.9721764826,45,13,-1
35.3672545274,45,13,1
21.6190121245,45,14,-1
34.1240518278,45,14,1
18.3141183365,45,15,-1
30.5833000294,45,15,1
24.7478482868,45,16,-1
32.991550438,45,16,1
20.065706799,45,17,-1
29.4693996014,45,17,1
15.6609943371,45,18,-1
27.2836321971,45,18,1
20.8896555007,45,19,-1
27.3859689183,45,19,1
17.518917033,45,20,-1
28.0557559352,45,20,1
24.0856307189,45,21,-1
28.5464093564,45,21,1
24.7881037181,45,22,-1
34.1138343161,45,22,1
23.8645313267,45,23,-1
26.673215151,45,23,1
20.5010075971,45,24,-1
31.4112735698,45,24,1
25.2625006549,45,25,-1
30.6156611485,45,25,1
28.2352520424,45,26,-1
34.8942091765,45,26,1
23.6581049631,45,27,-1
31.1182456089,45,27,1
23.7385442182,45,28,-1
26.2036996728,45,28,1
20.1581812342,45,29,-1
32.3017781026,45,29,1
20.8767732554,45,30,-1
29.8682678714,45,30,1
28.1505852187,46,1,-1
41.9087028904,46,1,1
24.9307984723,46,2,-1
42.9713608676,46,2,1
28.9424721584,46,3,-1
39.7514120641,46,3,1
31.7782378954,46,4,-1
43.3418517992,46,4,1
32.622389979,46,5,-1
43.5235708663,46,5,1
31.9438946505,46,6,-1
45.3940845209,46,6,1
33.4603619192,46,7,-1
39.5756321234,46,7,1
30.4264470587,46,8,-1
45.7922728132,46,8,1
27.7789584801,46,9,-1
44.0563809359,46,9,1
33.5715673412,46,10,-1
45.9077047691,46,10,1
31.0373108354,46,11,-1
39.5519661915,46,11,1
35.4680240471,46,12,-1
43.3614091561,46,12,1
33.8874992484,46,13,-1
42.0706514501,46,13,1
29.305186968,46,14,-1
40.4959805048,46,14,1
30.8341479658,46,15,-1
41.5714866761,46,15,1
27.0832734309,46,16,-1
43.9816384151,46,16,1
29.5623341453,46,17,-1
43.0577621486,46,17,1
20.022112134,46,18,-1
38.4401484203,46,18,1
25.9925127957,46,19,-1
39.187312491,46,19,1
23.6657182633,46,20,-1
32.2875213058,46,20,1
33.4740803284,46,21,-1
39.3575663464,46,21,1
29.9559965766,46,22,-1
40.9269960449,46,22,1
30.5861231785,46,23,-1
48.518043736,46,23,1
28.8355120307,46,24,-1
40.6394507603,46,24,1
36.2324521118,46,25,-1
48.4027956566,46,25,1
34.2695991223,46,26,-1
44.0434030662,46,26,1
32.8447704946,46,27,-1
39.4895787208,46,27,1
31.4905437499,46,28,-1
41.2359072496,46,28,1
26.6639594441,46,29,-1
40.4623428329,46,29,1
29.274002728,46,30,-1
40.9592998443,46,30,1
25.6297252302,47,1,-1
33.8193374067,47,1,1
22.2542622996,47,2,-1
37.3244738629,47,2,1
23.7420140459,47,3,-1
38.3118482669,47,3,1
26.5305734551,47,4,-1
34.1772740172,47,4,1
28.3340086681,47,5,-1
37.2195211206,47,5,1
19.7061077936,47,6,-1
36.0291616223,47,6,1
23.9741016246,47,7,-1
33.6225457924,47,7,1
29.3059282149,47,8,-1
42.0715152467,47,8,1
20.4307534877,47,9,-1
42.3796335187,47,9,1
33.3241533991,47,10,-1
39.3314614943,47,10,1
24.6488270391,47,11,-1
30.3193954173,47,11,1
30.5458362773,47,12,-1
37.4152263448,47,12,1
29.1507439315,47,13,-1
39.2684825793,47,13,1
28.8060529223,47,14,-1
35.6878585033,47,14,1
27.2750761981,47,15,-1
38.5414353147,47,15,1
25.9787406973,47,16,-1
34.7293422441,47,16,1
24.2680048227,47,17,-1
33.2164090816,47,17,1
20.9925600635,47,18,-1
39.2679667907,47,18,1
19.0932691898,47,19,-1
35.6111267738,47,19,1
15.3198687534,47,20,-1
25.4426332987,47,20,1
21.8977526226,47,21,-1
37.3223532869,47,21,1
28.0249365992,47,22,-1
36.0154495545,47,22,1
21.6926552326,47,23,-1
34.399224594,47,23,1
25.6486128314,47,24,-1
33.6476908785,47,24,1
26.8813055783,47,25,-1
41.4969463859,47,25,1
28.3597710432,47,26,-1
44.3121610359,47,26,1
28.1400353755,47,27,-1
35.6136546999,47,27,1
23.9250950018,47,28,-1
36.2428853616,47,28,1
22.7292518538,47,29,-1
30.1543889842,47,29,1
27.1616330324,47,30,-1
25.2336705311,47,30,1
28.7648178486,48,1,-1
42.8944131679,48,1,1
30.3563955102,48,2,-1
47.0917653483,48,2,1
32.1729661449,48,3,-1
43.7030422409,48,3,1
35.8923186865,48,4,-1
41.8800508874,48,4,1
32.2110884373,48,5,-1
44.0946854896,48,5,1
28.79091753,48,6,-1
43.9420273651,48,6,1
23.639151019,48,7,-1
40.9267016351,48,7,1
30.1050703342,48,8,-1
41.4277354992,48,8,1
27.2858621643,48,9,-1
43.5311482645,48,9,1
35.11220412,48,10,-1
46.766172659,48,10,1
24.6896220883,48,11,-1
39.4947755466,48,11,1
29.1674356953,48,12,-1
43.093847616,48,12,1
30.5624829357,48,13,-1
49.5638056399,48,13,1
32.0324259599,48,14,-1
40.256667327,48,14,1
29.0942746185,48,15,-1
42.8047013269,48,15,1
31.1523440902,48,16,-1
44.9287130805,48,16,1
29.0347581274,48,17,-1
49.2160912307,48,17,1
26.552696581,48,18,-1
44.3221390345,48,18,1
29.5937800829,48,19,-1
37.9768684066,48,19,1
30.7028078749,48,20,-1
42.162044725,48,20,1
29.4717229467,48,21,-1
40.638531357,48,21,1
29.1463525166,48,22,-1
41.8162694642,48,22,1
31.8970704862,48,23,-1
51.8783963733,48,23,1
29.8277349941,48,24,-1
42.7038688015,48,24,1
32.512010369,48,25,-1
39.7919639934,48,25,1
32.1762795979,48,26,-1
52.9758568339,48,26,1
27.5898253737,48,27,-1
46.542821635,48,27,1
28.8868220561,48,28,-1
40.9727446258,48,28,1
27.6810200331,48,29,-1
42.6480512813,48,29,1
32.6587311417,48,30,-1
38.6649865466,48,30,1
28.0312454343,49,1,-1
40.6157065256,49,1,1
26.4078284024,49,2,-1
40.7505768249,49,2,1
29.9400729909,49,3,-1
40.1356108263,49,3,1
26.9735484588,49,4,-1
37.8959630984,49,4,1
35.3581914337,49,5,-1
40.9343164993,49,5,1
27.2932269707,49,6,-1
40.963223457,49,6,1
26.112937169,49,7,-1
40.4875273702,49,7,1
26.551370523,49,8,-1
35.9006115787,49,8,1
20.0580284363,49,9,-1
41.9246640175,49,9,1
28.6867395766,49,10,-1
42.9743853218,49,10,1
22.9593376805,49,11,-1
33.3028505747,49,11,1
29.0003916873,49,12,-1
41.6492975019,49,12,1
29.8028887517,49,13,-1
40.7415031591,49,13,1
29.5667733756,49,14,-1
37.8154479834,49,14,1
26.1953147115,49,15,-1
38.2105157494,49,15,1
22.2561636997,49,16,-1
37.9275499021,49,16,1
30.8459790947,49,17,-1
40.1251327439,49,17,1
23.1635825187,49,18,-1
39.9757664321,49,18,1
23.2865732588,49,19,-1
34.9087271566,49,19,1
15.8266715873,49,20,-1
31.9049117181,49,20,1
24.7526558106,49,21,-1
37.1301247898,49,21,1
29.6907069669,49,22,-1
39.7907603581,49,22,1
24.6737010392,49,23,-1
37.6295943212,49,23,1
30.5081466676,49,24,-1
34.3516265824,49,24,1
26.813823423,49,25,-1
43.0565584182,49,25,1
29.5663090483,49,26,-1
48.8121658262,49,26,1
25.672426107,49,27,-1
42.1281672301,49,27,1
22.654817063,49,28,-1
40.7317945732,49,28,1
24.9090801232,49,29,-1
42.8818030274,49,29,1
23.0825779175,49,30,-1
37.3166236045,49,30,1
31.8029398077,50,1,-1
36.2604041034,50,1,1
32.583538443,50,2,-1
39.0020117372,50,2,1
36.6154755849,50,3,-1
40.6393361735,50,3,1
27.805618907,50,4,-1
36.4682812841,50,4,1
25.2873085196,50,5,-1
40.3493958585,50,5,1
32.0862912572,50,6,-1
36.4604108999,50,6,1
27.9445516436,50,7,-1
38.0353979417,50,7,1
24.3891669124,50,8,-1
39.0803083828,50,8,1
26.3395941651,50,9,-1
43.3346959081,50,9,1
30.5582436679,50,10,-1
44.1085385526,50,10,1
29.975050339,50,11,-1
36.821235081,50,11,1
34.9436912262,50,12,-1
43.6578766411,50,12,1
29.6228264305,50,13,-1
43.7507628513,50,13,1
29.2843583178,50,14,-1
35.2474266363,50,14,1
28.5576712787,50,15,-1
39.228578043,50,15,1
25.4409812768,50,16,-1
42.1475711686,50,16,1
28.7669634825,50,17,-1
37.7159872738,50,17,1
24.0670863952,50,18,-1
35.6591515874,50,18,1
30.3421669532,50,19,-1
36.7943430697,50,19,1
27.4006891839,50,20,-1
35.1878064666,50,20,1
32.5172993357,50,21,-1
41.3664015829,50,21,1
26.6893052744,50,22,-1
40.6666578298,50,22,1
26.9735581828,50,23,-1
38.8775117572,50,23,1
29.7936931218,50,24,-1
39.710383185,50,24,1
30.3743128375,50,25,-1
36.4206152411,50,25,1
29.2995843499,50,26,-1
41.8744212361,50,26,1
32.6080874777,50,27,-1
39.82128652,50,27,1
29.6862310077,50,28,-1
34.3020404919,50,28,1
26.1441559623,50,29,-1
39.0712615044,50,29,1
29.0907229404,50,30,-1
33.7467417679,50,30,1
